PID,county,state,area,poptotal,category,dot_size
1001,Model_SN_0000,NY,0.0363583159888215,17795,String_Inverter,91.70187369916161
1002,Model_SN_0001,IL,0.013784325353945569,2860,DC_DC_Converter,15.333824401545918
1003,Model_SN_0002,NY,0.08859379790325733,78820,DC_DC_Converter,400.7445348427443
1004,Model_SN_0003,AZ,0.06018903357468326,56886,String_Inverter,288.94417751810124
1005,Model_SN_0004,AZ,0.012104253029605968,8265,Power_Transformer,42.232818977220454
1006,Model_SN_0005,IL,0.09342930619505195,84386,EV_Fast_Charger,428.9371979646289
1007,Model_SN_0006,WI,0.03948740020238933,39194,EV_Fast_Charger,198.93155501517919
1008,Model_SN_0007,IL,0.08596793941847497,89498,DC_DC_Converter,453.9375954563856
1009,Model_SN_0008,OH,0.0624437393410161,46131,EV_Fast_Charger,235.3382804505762
1010,Model_SN_0009,CA,0.07589797627208446,62263,String_Inverter,317.00734822040636
1011,Model_SN_0010,WI,0.03148792442913239,18023,String_Inverter,92.47659433218493
1012,Model_SN_0011,IL,0.05354507757672932,43090,DC_DC_Converter,219.46588081825467
1013,Model_SN_0012,NY,0.07165307710623306,69221,DC_DC_Converter,351.4789807829675
1014,Model_SN_0013,WI,0.06654754876729463,66820,DC_DC_Converter,339.0910661575471
1015,Model_SN_0014,WI,0.01388079090739832,2769,Power_Transformer,14.886059318054874
1016,Model_SN_0015,IL,0.0698962024548741,61735,EV_Fast_Charger,313.91721518411555
1017,Model_SN_0016,WI,0.07417665725542026,64955,DC_DC_Converter,330.33824929415647
1018,Model_SN_0017,NY,0.0766024142078503,66925,Central_Inverter,340.3701810655888
1019,Model_SN_0018,AZ,0.07909986285589107,69969,Central_Inverter,355.77748971419186
1020,Model_SN_0019,WI,0.012916622060973808,7311,String_Inverter,37.52374665457304
1021,Model_SN_0020,AZ,0.08580840609405163,85104,EV_Fast_Charger,431.95563045705387
1022,Model_SN_0021,NY,0.05257367520033288,55707,DC_DC_Converter,282.478025640025
1023,Model_SN_0022,IL,0.08874474431314137,87305,Central_Inverter,443.18085582348556
1024,Model_SN_0023,CA,0.03940811002746754,30693,EV_Fast_Charger,156.42060825206008
1025,Model_SN_0024,WI,0.084364083655166,73932,String_Inverter,375.9873062741375
1026,Model_SN_0025,CA,0.09119830025104157,95016,Power_Transformer,481.91987251882813
1027,Model_SN_0026,NY,0.03038967366188545,27658,EV_Fast_Charger,140.5692255246414
1028,Model_SN_0027,WI,0.07992483364105672,86478,EV_Fast_Charger,438.38436252307923
1029,Model_SN_0028,AZ,0.03725604596768278,20431,Power_Transformer,104.94920344757621
1030,Model_SN_0029,OH,0.021320194599658553,4747,EV_Fast_Charger,25.33401459497439
1031,Model_SN_0030,CA,0.05798078685578914,61150,String_Inverter,310.09855901418416
1032,Model_SN_0031,WI,0.06311963612229995,67725,String_Inverter,343.3589727091725
1033,Model_SN_0032,CA,0.09123104929584906,86654,Power_Transformer,440.1123286971887
1034,Model_SN_0033,WI,0.03793276012728387,37773,DC_DC_Converter,191.7099570095463
1035,Model_SN_0034,IL,0.07929970118580712,69435,Central_Inverter,353.12247758893557
1036,Model_SN_0035,AZ,0.06819651120979658,58886,DC_DC_Converter,299.54473834073474
1037,Model_SN_0036,CA,0.06396280894617133,68803,EV_Fast_Charger,348.8122106709628
1038,Model_SN_0037,OH,0.03465592094837051,33551,Central_Inverter,170.35419407112778
1039,Model_SN_0038,OH,0.03589445823669018,13394,Power_Transformer,69.66208436775176
1040,Model_SN_0039,NY,0.07172874924845574,71092,Power_Transformer,360.83965619363414
1041,Model_SN_0040,WI,0.01732117627467115,5890,Central_Inverter,30.749088220600335
1042,Model_SN_0041,CA,0.05759432467848338,43606,String_Inverter,222.34957435088626
1043,Model_SN_0042,NY,0.10584163821434385,98276,Central_Inverter,499.3181228660758
1044,Model_SN_0043,CA,0.09308502127645742,82038,EV_Fast_Charger,417.17137659573433
1045,Model_SN_0044,WI,0.09449506370517882,89313,String_Inverter,453.65212977788843
1046,Model_SN_0045,OH,0.023047691710618316,12627,Power_Transformer,64.86357687829637
1047,Model_SN_0046,IL,0.01566334766730671,10792,Central_Inverter,55.134751075048
1048,Model_SN_0047,OH,0.08385043831854874,75969,DC_DC_Converter,386.13378287389116
1049,Model_SN_0048,NY,0.05366891832804943,45001,DC_DC_Converter,229.0301688746037
1050,Model_SN_0049,AZ,0.07894444018493953,78552,EV_Fast_Charger,398.6808330138705
1051,Model_SN_0050,IL,0.044707921035228054,25897,DC_DC_Converter,132.83809407764213
1052,Model_SN_0051,NY,0.0656806163127897,70148,Central_Inverter,355.66604622345926
1053,Model_SN_0052,WI,0.03608833541915052,25483,Central_Inverter,130.1216251564363
1054,Model_SN_0053,IL,0.047356239562015054,50555,DC_DC_Converter,256.3267179671511
1055,Model_SN_0054,NY,0.030339046173215856,19159,Central_Inverter,98.07042846299119
1056,Model_SN_0055,WI,0.07452356551363674,82077,EV_Fast_Charger,415.97426741352274
1057,Model_SN_0056,OH,0.03897635832536144,37920,String_Inverter,192.5232268744021
1058,Model_SN_0057,AZ,0.08573969160220876,94067,EV_Fast_Charger,476.7654768701656
1059,Model_SN_0058,WI,0.0755850393756546,69121,EV_Fast_Charger,351.2738779531741
1060,Model_SN_0059,CA,0.0794867309186418,71479,Central_Inverter,363.3565048188981
1061,Model_SN_0060,WI,0.09289654196860986,91475,String_Inverter,464.3422406476457
1062,Model_SN_0061,WI,0.04212428430282417,21457,Central_Inverter,110.44432132271182
1063,Model_SN_0062,AZ,0.06962824492380741,68557,Power_Transformer,348.0071183692856
1064,Model_SN_0063,CA,0.07670507505897055,79189,Central_Inverter,401.6978806294228
1065,Model_SN_0064,NY,0.08983281589712254,80953,Central_Inverter,411.50246119228416
1066,Model_SN_0065,NY,0.05530108343705572,54995,Central_Inverter,279.1225812577792
1067,Model_SN_0066,WI,0.059895284122145565,42757,String_Inverter,218.2771463091609
1068,Model_SN_0067,CA,0.01498642282712966,11692,Central_Inverter,59.58398171203473
1069,Model_SN_0068,CA,0.0641959098674861,47758,String_Inverter,243.60469324006144
1070,Model_SN_0069,AZ,0.06787069823901153,74409,DC_DC_Converter,377.1353023679259
1071,Model_SN_0070,OH,0.08383202894062809,73211,Power_Transformer,372.34240217054713
1072,Model_SN_0071,NY,0.07196818884839266,67697,String_Inverter,343.88261416362946
1073,Model_SN_0072,AZ,0.05741346258905268,39065,DC_DC_Converter,199.63100969417894
1074,Model_SN_0073,IL,0.08488676462804132,94093,String_Inverter,476.83150734710307
1075,Model_SN_0074,NY,0.044915419021359745,34606,String_Inverter,176.39865642660197
1076,Model_SN_0075,AZ,0.035664384045715314,13534,Power_Transformer,70.34482880342865
1077,Model_SN_0076,NY,0.09601445688340297,96663,EV_Fast_Charger,490.51608426625523
1078,Model_SN_0077,OH,0.05291880609603858,42397,EV_Fast_Charger,215.9539104572029
1079,Model_SN_0078,IL,0.09673747377969234,93387,String_Inverter,474.1903105334769
1080,Model_SN_0079,OH,0.0166041546286888,3016,Central_Inverter,16.32531159715166
1081,Model_SN_0080,IL,0.0940419949350146,91789,DC_DC_Converter,465.99814962012607
1082,Model_SN_0081,WI,0.064678786238462,57591,Central_Inverter,292.80590896788465
1083,Model_SN_0082,AZ,0.09953316020981978,91812,Central_Inverter,466.5249870157365
1084,Model_SN_0083,IL,0.026948094273495826,25247,String_Inverter,128.2561070705122
1085,Model_SN_0084,OH,0.032535930458511275,26300,String_Inverter,133.94019478438835
1086,Model_SN_0085,NY,0.08739572968153117,76065,String_Inverter,386.87967972611483
1087,Model_SN_0086,IL,0.09347027567781833,84798,String_Inverter,431.00027067583636
1088,Model_SN_0087,AZ,0.02350313505571426,11268,EV_Fast_Charger,58.102735129178576
1089,Model_SN_0088,IL,0.09140848528936407,88807,String_Inverter,450.89063639670235
1090,Model_SN_0089,CA,0.022368456992955987,14185,EV_Fast_Charger,72.6026342744717
1091,Model_SN_0090,NY,0.06351575652780855,65704,EV_Fast_Charger,333.28368173958563
1092,Model_SN_0091,AZ,0.08825646809879965,88779,String_Inverter,450.51423510740995
1093,Model_SN_0092,AZ,0.04631621122718772,41099,Power_Transformer,208.96871584203907
1094,Model_SN_0093,WI,0.02548228890368411,10571,DC_DC_Converter,54.766171667776305
1095,Model_SN_0094,OH,0.039924692739299696,40044,Central_Inverter,203.21435195544748
1096,Model_SN_0095,WI,0.06883289615332333,53214,EV_Fast_Charger,271.2324672114992
1097,Model_SN_0096,AZ,0.07741421488959206,63228,DC_DC_Converter,321.9460661167194
1098,Model_SN_0097,NY,0.06144990094706157,50984,Power_Transformer,259.5287425710296
1099,Model_SN_0098,IL,0.05136692732688241,42774,Central_Inverter,217.7225195495162
1100,Model_SN_0099,IL,0.014997218992393223,4568,Central_Inverter,23.964791424429492
1101,Model_SN_0100,NY,0.07510256706080565,64592,EV_Fast_Charger,328.5926925295604
1102,Model_SN_0101,AZ,0.07666379011774425,69563,String_Inverter,353.5647842588308
1103,Model_SN_0102,IL,0.012164838786897825,4695,Power_Transformer,24.387362909017337
1104,Model_SN_0103,IL,0.06504354368987686,50190,EV_Fast_Charger,255.82826577674075
1105,Model_SN_0104,IL,0.027499078191796714,7258,Power_Transformer,38.35243086438475
1106,Model_SN_0105,OH,0.09861099826583848,89538,String_Inverter,455.0858248699379
1107,Model_SN_0106,OH,0.054101056834433864,41504,String_Inverter,211.57757926258256
1108,Model_SN_0107,CA,0.046567470585382464,35159,EV_Fast_Charger,179.28756029390368
1109,Model_SN_0108,WI,0.026686527392479044,15986,String_Inverter,81.93148955443594
1110,Model_SN_0109,NY,0.07686956966708026,63858,DC_DC_Converter,325.055217725031
1111,Model_SN_0110,NY,0.034542944456674836,14666,Central_Inverter,75.92072083425062
1112,Model_SN_0111,NY,0.039787706735457125,40660,EV_Fast_Charger,206.2840780051593
1113,Model_SN_0112,CA,0.010161506156611707,5561,Power_Transformer,28.567112961745877
1114,Model_SN_0113,OH,0.036574267337560994,28854,DC_DC_Converter,147.01307005031708
1115,Model_SN_0114,AZ,0.07663189994896999,66505,EV_Fast_Charger,338.2723924961727
1116,Model_SN_0115,AZ,0.06995468925296555,54251,String_Inverter,276.5016016939724
1117,Model_SN_0116,CA,0.02856000448873723,24662,String_Inverter,125.45200033665529
1118,Model_SN_0117,AZ,0.025542614307042702,10392,String_Inverter,53.8756960730282
1119,Model_SN_0118,NY,0.03973031713262043,32535,String_Inverter,165.65477378494654
1120,Model_SN_0119,WI,0.09156745462295873,80603,Power_Transformer,409.8825590967219
1121,Model_SN_0120,IL,0.06705571179604751,54256,DC_DC_Converter,276.30917838470356
1122,Model_SN_0121,OH,0.0977124074275561,91135,Central_Inverter,463.00343055706674
1123,Model_SN_0122,OH,0.04539219652923274,37222,Power_Transformer,189.51441473969246
1124,Model_SN_0123,CA,0.07944055671341997,79373,Power_Transformer,402.8230417535065
1125,Model_SN_0124,OH,0.07844730810528078,81575,Central_Inverter,413.75854810789605
1126,Model_SN_0125,NY,0.08808917659968521,98354,Central_Inverter,498.3766882449764
1127,Model_SN_0126,AZ,0.09450361419176774,86651,String_Inverter,440.3427710643826
1128,Model_SN_0127,NY,0.07570385351593488,65335,Power_Transformer,332.35278901369514
1129,Model_SN_0128,CA,0.03579852013238928,12965,EV_Fast_Charger,67.5098890099292
1130,Model_SN_0129,NY,0.04704773674147811,26538,Central_Inverter,136.21858025561085
1131,Model_SN_0130,AZ,0.07660196744538589,72592,Central_Inverter,368.7051475584039
1132,Model_SN_0131,WI,0.02880474830361021,10110,DC_DC_Converter,52.71035612277076
1133,Model_SN_0132,CA,0.09165281459764857,81309,EV_Fast_Charger,413.41896109482366
1134,Model_SN_0133,WI,0.046381281146881566,29266,EV_Fast_Charger,149.80859608601614
1135,Model_SN_0134,IL,0.05577362870153062,54992,Central_Inverter,279.1430221526148
1136,Model_SN_0135,WI,0.08480088270620187,84948,String_Inverter,431.10006620296514
1137,Model_SN_0136,IL,0.015008188303029898,8910,DC_DC_Converter,45.67561412272724
1138,Model_SN_0137,IL,0.10156602054517444,92982,EV_Fast_Charger,472.5274515408881
1139,Model_SN_0138,WI,0.018961826022350935,2206,Central_Inverter,12.45213695167632
1140,Model_SN_0139,CA,0.08378452277673591,89054,EV_Fast_Charger,451.55383920825517
1141,Model_SN_0140,AZ,0.0933481803547838,89897,DC_DC_Converter,456.4861135266088
1142,Model_SN_0141,NY,0.03854506480915792,25419,DC_DC_Converter,129.98587986068685
1143,Model_SN_0142,NY,0.05602658769399014,52636,Power_Transformer,267.3819940770493
1144,Model_SN_0143,AZ,0.050616985177325914,52015,Central_Inverter,263.8712738882994
1145,Model_SN_0144,IL,0.06532146391185599,56268,DC_DC_Converter,286.23910979338916
1146,Model_SN_0145,IL,0.09035532068474253,89939,Power_Transformer,456.47164905135566
1147,Model_SN_0146,CA,0.037230534501379454,20141,Power_Transformer,103.49729008760346
1148,Model_SN_0147,OH,0.08403327002223987,82356,EV_Fast_Charger,418.082495251668
1149,Model_SN_0148,WI,0.08363529667303747,73910,EV_Fast_Charger,375.8226472504778
1150,Model_SN_0149,IL,0.06440813677548972,58044,Power_Transformer,295.0506102581618
1151,Model_SN_0150,NY,0.07389709276404105,69214,EV_Fast_Charger,351.6122819573031
1152,Model_SN_0151,CA,0.052388905386500234,35827,DC_DC_Converter,183.0641679039875
1153,Model_SN_0152,WI,0.061252990657581274,57820,String_Inverter,293.6939742993186
1154,Model_SN_0153,CA,0.06153280456901281,64623,DC_DC_Converter,327.72996034267595
1155,Model_SN_0154,WI,0.07535398685960011,83734,Power_Transformer,424.32154901447
1156,Model_SN_0155,WI,0.08464441178013904,77450,Power_Transformer,393.5983308835104
1157,Model_SN_0156,AZ,0.09692785769373596,95426,DC_DC_Converter,484.3995893270302
1158,Model_SN_0157,IL,0.03933076202865114,24299,EV_Fast_Charger,124.44480715214884
1159,Model_SN_0158,CA,0.04724678323017822,45585,EV_Fast_Charger,231.46850874226337
1160,Model_SN_0159,CA,0.06276409617840206,66044,Power_Transformer,334.9273072133802
1161,Model_SN_0160,AZ,0.04242172664669097,44557,Central_Inverter,225.96662949850182
1162,Model_SN_0161,NY,0.05457841784279861,51080,EV_Fast_Charger,259.49338133820993
1163,Model_SN_0162,NY,0.020709187070425995,4693,DC_DC_Converter,25.01818903028195
1164,Model_SN_0163,IL,0.09368071423532798,97003,EV_Fast_Charger,492.0410535676496
1165,Model_SN_0164,IL,0.09479866510714126,97259,DC_DC_Converter,493.4048998830356
1166,Model_SN_0165,OH,0.08238567388987497,71163,Power_Transformer,361.9939255417406
1167,Model_SN_0166,AZ,0.03524760934046601,27939,EV_Fast_Charger,142.33857070053494
1168,Model_SN_0167,NY,0.05771728978319622,50925,DC_DC_Converter,258.9537967337397
1169,Model_SN_0168,WI,0.0581238935881562,44941,Power_Transformer,229.06429201911172
1170,Model_SN_0169,CA,0.03279252231309207,23834,Central_Inverter,121.62943917348191
1171,Model_SN_0170,IL,0.0341475673378908,20047,DC_DC_Converter,102.7960675503418
1172,Model_SN_0171,CA,0.04566810750826823,28105,Central_Inverter,143.95010806312013
1173,Model_SN_0172,CA,0.08879541247315284,77766,Central_Inverter,395.48965593548644
1174,Model_SN_0173,OH,0.022697302951914092,17707,String_Inverter,90.23729772139356
1175,Model_SN_0174,NY,0.04351175250322989,23976,EV_Fast_Charger,123.14338143774224
1176,Model_SN_0175,IL,0.053393992528257425,46262,DC_DC_Converter,235.3145494396193
1177,Model_SN_0176,CA,0.031644887765979166,25776,Central_Inverter,131.25336658244842
1178,Model_SN_0177,IL,0.04091604845809856,32080,String_Inverter,163.4687036343574
1179,Model_SN_0178,WI,0.08196898483904287,68842,Power_Transformer,350.3576738629282
1180,Model_SN_0179,OH,0.06766319521319072,63373,DC_DC_Converter,321.93973964098933
1181,Model_SN_0180,WI,0.018888365539083497,8776,Central_Inverter,45.29662741543127
1182,Model_SN_0181,IL,0.09665718375300118,94787,EV_Fast_Charger,481.1842887814751
1183,Model_SN_0182,IL,0.05731624570889719,57016,String_Inverter,289.37871842816725
1184,Model_SN_0183,NY,0.016078933228839944,11474,Central_Inverter,58.575919992162994
1185,Model_SN_0184,CA,0.057621761104879654,60053,EV_Fast_Charger,304.58663208286595
1186,Model_SN_0185,CA,0.02752675011248878,23959,Central_Inverter,121.85950625843665
1187,Model_SN_0186,WI,0.014313053870245888,7530,DC_DC_Converter,38.72347904026844
1188,Model_SN_0187,OH,0.08848987678632153,96856,DC_DC_Converter,490.9167407589741
1189,Model_SN_0188,AZ,0.02260749489606429,5748,DC_DC_Converter,30.43556211720482
1190,Model_SN_0189,CA,0.0915576016879829,99504,String_Inverter,504.3868201265987
1191,Model_SN_0190,NY,0.02486751233314393,15545,DC_DC_Converter,79.59006342498579
1192,Model_SN_0191,WI,0.07976826819812025,68199,EV_Fast_Charger,346.977620114859
1193,Model_SN_0192,WI,0.045117566138590776,36766,Central_Inverter,187.21381746039432
1194,Model_SN_0193,AZ,0.08129282143708721,75530,Power_Transformer,383.74696160778154
1195,Model_SN_0194,NY,0.08807723075736593,95557,EV_Fast_Charger,484.3907923068025
1196,Model_SN_0195,OH,0.06141828037617342,63087,EV_Fast_Charger,320.041371028213
1197,Model_SN_0196,NY,0.08734987232532956,97839,DC_DC_Converter,495.74624042439973
1198,Model_SN_0197,OH,0.06741203459477663,70840,String_Inverter,359.25590259460824
1199,Model_SN_0198,NY,0.057558473447305844,56384,Central_Inverter,286.23688550854797
1200,Model_SN_0199,NY,0.05271104301886827,53005,String_Inverter,268.9783282264151
1201,Model_SN_0200,IL,0.047254050675141115,48576,Central_Inverter,246.4240538006356
1202,Model_SN_0201,WI,0.04187355075534535,41353,Central_Inverter,209.9055163066509
1203,Model_SN_0202,NY,0.06755140869398785,64003,String_Inverter,325.08135565204907
1204,Model_SN_0203,AZ,0.08013584103478252,85211,EV_Fast_Charger,432.0651880776087
1205,Model_SN_0204,NY,0.057896230554294846,54733,Central_Inverter,278.00721729157215
1206,Model_SN_0205,CA,0.07116667875043048,67318,String_Inverter,341.92750090628226
1207,Model_SN_0206,WI,0.09503622990592063,91474,Central_Inverter,464.4977172429441
1208,Model_SN_0207,CA,0.027172909463488645,25664,Power_Transformer,130.35796820976165
1209,Model_SN_0208,WI,0.07863154131151419,69172,EV_Fast_Charger,351.75736559836355
1210,Model_SN_0209,CA,0.09057134112315149,87616,DC_DC_Converter,444.87285058423635
1211,Model_SN_0210,NY,0.0860218473056441,95264,Central_Inverter,482.7716385479233
1212,Model_SN_0211,NY,0.046418239148802214,28736,Power_Transformer,147.16136793616016
1213,Model_SN_0212,IL,0.10359161467730293,96209,DC_DC_Converter,488.81437110079776
1214,Model_SN_0213,AZ,0.008599892530430609,2854,DC_DC_Converter,14.914991939782295
1215,Model_SN_0214,CA,0.08727421962961074,92084,Central_Inverter,466.9655664722208
1216,Model_SN_0215,OH,0.054976525595861234,40623,String_Inverter,207.2382394196896
1217,Model_SN_0216,IL,0.027791860474339833,9392,Central_Inverter,49.04438953557549
1218,Model_SN_0217,CA,0.05675708705379422,57680,Power_Transformer,292.65678152903456
1219,Model_SN_0218,CA,0.04978448646673421,48717,DC_DC_Converter,247.31883648500508
1220,Model_SN_0219,IL,0.08665277538916097,89092,Central_Inverter,451.95895815418703
1221,Model_SN_0220,NY,0.058739626370487096,52859,String_Inverter,268.70047197778655
1222,Model_SN_0221,CA,0.04095592876393925,28309,Central_Inverter,144.61669465729543
1223,Model_SN_0222,NY,0.08692410612472878,89455,EV_Fast_Charger,453.7943079593546
1224,Model_SN_0223,IL,0.06902902765599629,65734,String_Inverter,333.84717707419975
1225,Model_SN_0224,NY,0.0803385854293418,72467,Power_Transformer,368.3603939072006
1226,Model_SN_0225,WI,0.05128533072447862,54662,DC_DC_Converter,277.1563998043359
1227,Model_SN_0226,OH,0.022288738886880412,14688,Central_Inverter,75.11165541651603
1228,Model_SN_0227,CA,0.04205199171769105,27342,String_Inverter,139.86389937882683
1229,Model_SN_0228,AZ,0.05553497008707732,39157,EV_Fast_Charger,199.9501227565308
1230,Model_SN_0229,OH,0.07345271550898,69863,String_Inverter,354.8239536631735
1231,Model_SN_0230,NY,0.06071143637197298,54083,EV_Fast_Charger,274.96835772789797
1232,Model_SN_0231,CA,0.06358760689346218,67733,Power_Transformer,343.4340705170097
1233,Model_SN_0232,NY,0.08981908066980243,91045,DC_DC_Converter,461.9614310502352
1234,Model_SN_0233,WI,0.04623401199576713,36698,Power_Transformer,186.95755089968253
1235,Model_SN_0234,IL,0.07870191007269459,82623,Central_Inverter,419.0176432554521
1236,Model_SN_0235,CA,0.030944031285654285,24671,String_Inverter,125.67580234642408
1237,Model_SN_0236,WI,0.03519901659542579,27184,EV_Fast_Charger,138.55992624465694
1238,Model_SN_0237,WI,0.08488809062222119,95384,EV_Fast_Charger,483.2866067966666
1239,Model_SN_0238,CA,0.048197416644996896,44107,String_Inverter,224.14980624837477
1240,Model_SN_0239,NY,0.08273062680659757,88202,String_Inverter,447.2147970104948
1241,Model_SN_0240,AZ,0.05626911371022496,53663,Central_Inverter,272.5351835282669
1242,Model_SN_0241,WI,0.022151909303051692,17708,Power_Transformer,90.20139319772888
1243,Model_SN_0242,OH,0.10106554561479791,93906,EV_Fast_Charger,477.1099159211098
1244,Model_SN_0243,WI,0.0600476824044143,51811,Central_Inverter,263.5585761803311
1245,Model_SN_0244,AZ,0.02259121304955646,4811,Power_Transformer,25.749340978716734
1246,Model_SN_0245,NY,0.06932509143881344,58250,Central_Inverter,296.449381857911
1247,Model_SN_0246,NY,0.07670384397858114,74082,EV_Fast_Charger,376.1627882983936
1248,Model_SN_0247,OH,0.037366739095081807,36754,String_Inverter,186.57250543213115
1249,Model_SN_0248,WI,0.09719379750303762,97742,String_Inverter,495.9995348127278
1250,Model_SN_0249,NY,0.027912655693750916,13411,Power_Transformer,69.14844917703132
1251,Model_SN_0250,AZ,0.0240012894836866,4911,DC_DC_Converter,26.355096711276495
1252,Model_SN_0251,CA,0.07135819092459358,69270,Power_Transformer,351.70186431934457
1253,Model_SN_0252,IL,0.07902077272257794,85763,DC_DC_Converter,434.74155795419335
1254,Model_SN_0253,IL,0.019575518115974487,10680,Central_Inverter,54.86816385869808
1255,Model_SN_0254,IL,0.08467497926130603,86896,Central_Inverter,440.83062344459796
1256,Model_SN_0255,WI,0.08948417815996536,85879,EV_Fast_Charger,436.10631336199737
1257,Model_SN_0256,OH,0.0774947327600449,73295,DC_DC_Converter,372.2871049570034
1258,Model_SN_0257,NY,0.0876336011846236,90614,EV_Fast_Charger,459.64252008884677
1259,Model_SN_0258,CA,0.035656138309192925,13111,String_Inverter,68.22921037318947
1260,Model_SN_0259,AZ,0.05003549638713774,39504,DC_DC_Converter,201.27266222903535
1261,Model_SN_0260,CA,0.012912869168053223,3802,Power_Transformer,19.978465187603994
1262,Model_SN_0261,AZ,0.015498149452408076,10155,String_Inverter,51.937361208930604
1263,Model_SN_0262,WI,0.07110384945035331,75656,String_Inverter,383.61278870877646
1264,Model_SN_0263,IL,0.044405821234356824,41384,Power_Transformer,210.25043659257676
1265,Model_SN_0264,WI,0.049258627465191114,49254,String_Inverter,249.96439705988934
1266,Model_SN_0265,OH,0.028663007147692782,23918,DC_DC_Converter,121.73972553607696
1267,Model_SN_0266,OH,0.08401940337387694,87981,EV_Fast_Charger,446.20645525304076
1268,Model_SN_0267,AZ,0.060728305239228425,62713,String_Inverter,318.1196228929421
1269,Model_SN_0268,NY,0.04985697515919517,32306,DC_DC_Converter,165.26927313693963
1270,Model_SN_0269,NY,0.022143008246566176,18646,Central_Inverter,94.89072561849247
1271,Model_SN_0270,AZ,0.05619272779140509,48843,DC_DC_Converter,248.4294545843554
1272,Model_SN_0271,OH,0.09537543653979323,98601,EV_Fast_Charger,500.1581577404845
1273,Model_SN_0272,OH,0.10192673900483878,92735,DC_DC_Converter,471.31950542536293
1274,Model_SN_0273,OH,0.022549944710027713,18371,Power_Transformer,93.54624585325209
1275,Model_SN_0274,WI,0.07909961198091484,79371,EV_Fast_Charger,402.78747089856864
1276,Model_SN_0275,OH,0.027763575332174047,4049,Central_Inverter,22.327268149913053
1277,Model_SN_0276,CA,0.05032347585121294,33616,Power_Transformer,171.85426068884098
1278,Model_SN_0277,IL,0.0404514414189856,22932,DC_DC_Converter,117.69385810642392
1279,Model_SN_0278,OH,0.036703889874232135,31855,EV_Fast_Charger,162.0277917405674
1280,Model_SN_0279,AZ,0.06127941841446798,63434,Central_Inverter,321.7659563810851
1281,Model_SN_0280,IL,0.08061786439848861,74694,Power_Transformer,379.51633982988665
1282,Model_SN_0281,WI,0.06110085311588505,45016,Central_Inverter,229.6625639836914
1283,Model_SN_0282,AZ,0.02396859119361193,9400,DC_DC_Converter,48.79764433952089
1284,Model_SN_0283,IL,0.05363392045606466,44642,Central_Inverter,227.23254403420486
1285,Model_SN_0284,AZ,0.024892081873205685,17151,String_Inverter,87.62190614049042
1286,Model_SN_0285,WI,0.06489569199717207,53407,Power_Transformer,271.90217689978795
1287,Model_SN_0286,CA,0.06598254163781714,68690,Central_Inverter,348.3986906228363
1288,Model_SN_0287,WI,0.016889418061418207,6499,DC_DC_Converter,33.76170635460636
1289,Model_SN_0288,WI,0.020421228772328333,8295,DC_DC_Converter,43.00659215792463
1290,Model_SN_0289,AZ,0.06601887424035577,61040,Central_Inverter,310.15141556802666
1291,Model_SN_0290,NY,0.02166736131496827,14183,DC_DC_Converter,72.54005209862262
1292,Model_SN_0291,OH,0.033379236494784074,31299,EV_Fast_Charger,158.9984427371088
1293,Model_SN_0292,OH,0.029607400848832652,14874,EV_Fast_Charger,76.59055506366245
1294,Model_SN_0293,CA,0.03969844439813845,34711,EV_Fast_Charger,176.53238332986038
1295,Model_SN_0294,CA,0.022907264428452246,7539,String_Inverter,39.41304483213392
1296,Model_SN_0295,OH,0.05421308763881738,55351,Central_Inverter,280.8209815729113
1297,Model_SN_0296,NY,0.06734530203709635,63267,String_Inverter,321.3858976527822
1298,Model_SN_0297,OH,0.05761345531769839,50354,DC_DC_Converter,256.09100914882737
1299,Model_SN_0298,NY,0.009833970736448538,4557,String_Inverter,23.52254780523364
1300,Model_SN_0299,CA,0.04536541889721175,40360,DC_DC_Converter,205.2024064172909
1301,Model_SN_0300,IL,0.07770329353877947,84018,DC_DC_Converter,425.91774701540845
1302,Model_SN_0301,AZ,0.009767499409455356,4200,Power_Transformer,21.73256245570915
1303,Model_SN_0302,CA,0.08354670464779891,70497,EV_Fast_Charger,358.7510028485849
1304,Model_SN_0303,CA,0.05225957689949446,48975,DC_DC_Converter,248.7944682674621
1305,Model_SN_0304,WI,0.040661655583759365,23357,Power_Transformer,119.83462416878194
1306,Model_SN_0305,WI,0.07634697976194195,79505,EV_Fast_Charger,403.2510234821456
1307,Model_SN_0306,WI,0.022687554444478585,4869,DC_DC_Converter,26.046566583335892
1308,Model_SN_0307,AZ,0.07281705719779373,63135,DC_DC_Converter,321.13627928983453
1309,Model_SN_0308,WI,0.060336108145490217,52108,String_Inverter,265.0652081109118
1310,Model_SN_0309,NY,0.09458069043766983,96179,String_Inverter,487.9885517828252
1311,Model_SN_0310,OH,0.0901301516162787,92272,EV_Fast_Charger,468.11976137122093
1312,Model_SN_0311,IL,0.04569986533085991,40467,DC_DC_Converter,205.7624898998145
1313,Model_SN_0312,CA,0.044697249551623186,25328,Central_Inverter,129.99229371637173
1314,Model_SN_0313,NY,0.09945572148908792,93412,String_Inverter,474.5191791116816
1315,Model_SN_0314,IL,0.09832637154666359,88831,EV_Fast_Charger,451.52947786599975
1316,Model_SN_0315,NY,0.012475111136377563,5987,DC_DC_Converter,30.870633335228316
1317,Model_SN_0316,NY,0.07034318283740622,60871,DC_DC_Converter,309.6307387128055
1318,Model_SN_0317,CA,0.04409930913642075,24399,Central_Inverter,125.30244818523155
1319,Model_SN_0318,OH,0.04880299465664654,48214,EV_Fast_Charger,244.7302245992485
1320,Model_SN_0319,WI,0.08000992534733554,88416,DC_DC_Converter,448.08074440105014
1321,Model_SN_0320,AZ,0.08004824631913451,72271,String_Inverter,367.3586184739351
1322,Model_SN_0321,OH,0.0548761289302649,46064,Central_Inverter,234.43570966976986
1323,Model_SN_0322,AZ,0.08191240886849878,72091,EV_Fast_Charger,366.5984306651374
1324,Model_SN_0323,CA,0.04347711419919246,42818,Central_Inverter,217.35078356493943
1325,Model_SN_0324,CA,0.06050951290386447,47525,String_Inverter,242.16321346778983
1326,Model_SN_0325,CA,0.027224213067621555,21830,EV_Fast_Charger,111.19181598007162
1327,Model_SN_0326,IL,0.024463952190647426,19429,Central_Inverter,98.97979641429855
1328,Model_SN_0327,AZ,0.01569614929195319,8893,Power_Transformer,45.64221119689649
1329,Model_SN_0328,OH,0.08954899440462764,81909,String_Inverter,416.2611745803471
1330,Model_SN_0329,OH,0.059414777747257334,49333,String_Inverter,251.1211083310443
1331,Model_SN_0330,NY,0.019991308495382387,5436,String_Inverter,28.679348137153678
1332,Model_SN_0331,NY,0.07575160968247005,76290,Power_Transformer,387.13137072618525
1333,Model_SN_0332,NY,0.08772151081626217,78213,Power_Transformer,397.64411331121966
1334,Model_SN_0333,CA,0.019428068815119375,7895,DC_DC_Converter,40.932105161133954
1335,Model_SN_0334,OH,0.03944698878943154,21738,Central_Inverter,111.64852415920737
1336,Model_SN_0335,AZ,0.041071031504737704,32746,DC_DC_Converter,166.8103273628553
1337,Model_SN_0336,CA,0.05535305525516482,51377,Central_Inverter,261.03647914413733
1338,Model_SN_0337,IL,0.056256929046725454,50404,Power_Transformer,256.2392696785044
1339,Model_SN_0338,NY,0.05773172414994951,56045,Power_Transformer,284.5548793112462
1340,Model_SN_0339,CA,0.10319218760352501,99888,DC_DC_Converter,507.1794140702644
1341,Model_SN_0340,CA,0.04987940780184959,41790,EV_Fast_Charger,212.6909555851387
1342,Model_SN_0341,IL,0.01597758723626968,7600,DC_DC_Converter,39.19831904272023
1343,Model_SN_0342,WI,0.10354149146549137,96660,Central_Inverter,491.0656118599119
1344,Model_SN_0343,OH,0.09199365776079757,95179,DC_DC_Converter,482.7945243320598
1345,Model_SN_0344,AZ,0.051507723888946436,42764,String_Inverter,217.68307929167096
1346,Model_SN_0345,WI,0.08691527555262427,76543,Central_Inverter,389.2336456664468
1347,Model_SN_0346,NY,0.05724642658494651,47714,Central_Inverter,242.86348199387098
1348,Model_SN_0347,CA,0.056367127480833945,58835,EV_Fast_Charger,298.40253456106257
1349,Model_SN_0348,IL,0.0869166424722695,75744,Power_Transformer,385.23874818542026
1350,Model_SN_0349,IL,0.06629666106142836,58491,Central_Inverter,297.4272495796071
1351,Model_SN_0350,OH,0.028855612293141722,20589,Power_Transformer,105.10917092198562
1352,Model_SN_0351,WI,0.04568877478660108,45484,DC_DC_Converter,230.84665810899506
1353,Model_SN_0352,OH,0.09170467045207258,84989,String_Inverter,431.82285028390544
1354,Model_SN_0353,CA,0.04924478845190361,38212,EV_Fast_Charger,194.7533591338928
1355,Model_SN_0354,OH,0.05360672183952643,45525,Power_Transformer,231.64550413796448
1356,Model_SN_0355,AZ,0.06387951832768582,49202,Central_Inverter,250.80096387457644
1357,Model_SN_0356,IL,0.04963444422449062,34635,Power_Transformer,176.8975833168368
1358,Model_SN_0357,IL,0.06237349759465502,65208,Central_Inverter,330.71801231959915
1359,Model_SN_0358,NY,0.041091108022577635,35828,Power_Transformer,182.2218331016933
1360,Model_SN_0359,NY,0.02722894946295598,20711,Central_Inverter,105.59717120972171
1361,Model_SN_0360,CA,0.024395592518120207,5420,DC_DC_Converter,28.929669438859015
1362,Model_SN_0361,AZ,0.08796398202804892,98752,Central_Inverter,500.3572986521037
1363,Model_SN_0362,WI,0.01831529369742633,2301,Central_Inverter,12.878647027306975
1364,Model_SN_0363,OH,0.05961250704814715,47236,String_Inverter,240.65093802861105
1365,Model_SN_0364,CA,0.079397812735235,68235,Central_Inverter,347.12983595514265
1366,Model_SN_0365,NY,0.05870830164098482,56240,String_Inverter,285.60312262307383
1367,Model_SN_0366,OH,0.07786347942677359,67726,EV_Fast_Charger,344.469760957008
1368,Model_SN_0367,NY,0.017622634739104144,12492,String_Inverter,63.78169760543281
1369,Model_SN_0368,OH,0.028680712501357033,8102,DC_DC_Converter,42.66105343760177
1370,Model_SN_0369,WI,0.05116310657997298,52336,String_Inverter,265.517232993498
1371,Model_SN_0370,CA,0.08570741247787401,87314,EV_Fast_Charger,442.99805593584057
1372,Model_SN_0371,OH,0.044813407315591074,28641,DC_DC_Converter,146.56600554866935
1373,Model_SN_0372,AZ,0.03848501521364214,36584,Power_Transformer,185.80637614102315
1374,Model_SN_0373,IL,0.0385391945713195,34745,Power_Transformer,176.61543959284896
1375,Model_SN_0374,AZ,0.04035588470119466,25093,String_Inverter,128.4916913525896
1376,Model_SN_0375,AZ,0.07615489739758816,68105,String_Inverter,346.2366173048191
1377,Model_SN_0376,IL,0.06272711932437261,53885,EV_Fast_Charger,274.12953394932794
1378,Model_SN_0377,AZ,0.051071468889342,38631,EV_Fast_Charger,196.98536016670064
1379,Model_SN_0378,OH,0.07834698886695192,74991,Central_Inverter,380.8310241650214
1380,Model_SN_0379,OH,0.015047647844805723,6014,EV_Fast_Charger,31.19857358836043
1381,Model_SN_0380,OH,0.02282475320341172,13093,Central_Inverter,67.17685649025589
1382,Model_SN_0381,IL,0.02535695433602851,20070,DC_DC_Converter,102.25177157520213
1383,Model_SN_0382,AZ,0.054649844560005906,37777,String_Inverter,192.98373834200044
1384,Model_SN_0383,IL,0.06579950256198908,58958,DC_DC_Converter,299.7249626921492
1385,Model_SN_0384,OH,0.08307869500193946,84074,EV_Fast_Charger,426.60090212514547
1386,Model_SN_0385,AZ,0.024847616072882654,12729,DC_DC_Converter,65.5085712054662
1387,Model_SN_0386,AZ,0.06312650012556964,47017,DC_DC_Converter,239.81948750941774
1388,Model_SN_0387,NY,0.06500036139565493,68320,DC_DC_Converter,346.47502710467415
1389,Model_SN_0388,NY,0.04151709664033594,29751,EV_Fast_Charger,151.86878224802518
1390,Model_SN_0389,WI,0.08184194024435598,80069,DC_DC_Converter,406.48314551832675
1391,Model_SN_0390,CA,0.06451908470869296,56748,Central_Inverter,288.578931353152
1392,Model_SN_0391,NY,0.011863037009750143,7801,EV_Fast_Charger,39.89472777573126
1393,Model_SN_0392,IL,0.04010081151221637,21190,DC_DC_Converter,108.95756086341623
1394,Model_SN_0393,NY,0.06671653231633891,51689,EV_Fast_Charger,263.4487399237254
1395,Model_SN_0394,WI,0.060463497005117516,52993,Power_Transformer,269.4997622753838
1396,Model_SN_0395,AZ,0.04525968314420452,31592,Central_Inverter,161.35447623581535
1397,Model_SN_0396,WI,0.033989154290212584,12647,DC_DC_Converter,65.78418657176594
1398,Model_SN_0397,AZ,0.028074772686267974,10716,Power_Transformer,55.6856079514701
1399,Model_SN_0398,AZ,0.08379328085828523,90891,Power_Transformer,460.7394960643714
1400,Model_SN_0399,CA,0.09114660053666959,89545,EV_Fast_Charger,454.56099504025025
1401,Model_SN_0400,NY,0.09372763426099046,91912,Power_Transformer,466.5895725695743
1402,Model_SN_0401,IL,0.07374594675938106,72316,Central_Inverter,367.11094600695355
1403,Model_SN_0402,IL,0.02336888471249446,4368,Central_Inverter,23.592666353437085
1404,Model_SN_0403,OH,0.0899998402953803,79575,String_Inverter,404.6249880221535
1405,Model_SN_0404,AZ,0.030723870258135527,8655,Central_Inverter,45.579290269360165
1406,Model_SN_0405,IL,0.07404262076141598,72031,Power_Transformer,365.7081965571062
1407,Model_SN_0406,CA,0.0726222609168151,78429,Central_Inverter,397.5916695687611
1408,Model_SN_0407,AZ,0.10226599064591335,93083,EV_Fast_Charger,473.0849492984435
1409,Model_SN_0408,CA,0.09671296172891869,89922,String_Inverter,456.86347212966893
1410,Model_SN_0409,IL,0.05563158695739867,57766,Power_Transformer,293.0023690218049
1411,Model_SN_0410,IL,0.03625267098568078,15403,String_Inverter,79.73395032392605
1412,Model_SN_0411,OH,0.050812093907909237,34097,Power_Transformer,174.2959070430932
1413,Model_SN_0412,IL,0.08259092780918811,80657,EV_Fast_Charger,409.47931958568915
1414,Model_SN_0413,AZ,0.027630508714898583,12966,String_Inverter,66.90228815361739
1415,Model_SN_0414,AZ,0.09285338741073594,95848,DC_DC_Converter,486.2040040558052
1416,Model_SN_0415,AZ,0.05186273277644063,54921,Power_Transformer,278.49470495823306
1417,Model_SN_0416,OH,0.05480894483291802,51726,DC_DC_Converter,262.74067086246885
1418,Model_SN_0417,OH,0.06464040230529357,52300,String_Inverter,266.34803017289704
1419,Model_SN_0418,IL,0.025656807126758725,24677,DC_DC_Converter,125.3092605345069
1420,Model_SN_0419,WI,0.059677483433822884,57609,DC_DC_Converter,292.5208112575367
1421,Model_SN_0420,WI,0.09531754053848554,98825,String_Inverter,501.2738155403864
1422,Model_SN_0421,OH,0.06463207872542512,58661,EV_Fast_Charger,298.1524059044069
1423,Model_SN_0422,IL,0.050917112328255215,33024,DC_DC_Converter,168.93878342461915
1424,Model_SN_0423,WI,0.07218775322065256,72313,DC_DC_Converter,366.9790814915489
1425,Model_SN_0424,IL,0.057777397371257894,55006,EV_Fast_Charger,279.3633048028443
1426,Model_SN_0425,IL,0.1008208582955283,97285,DC_DC_Converter,493.98656437216465
1427,Model_SN_0426,IL,0.028492692151129477,17338,DC_DC_Converter,88.8269519113347
1428,Model_SN_0427,NY,0.06784792979213297,70027,DC_DC_Converter,355.22359473440997
1429,Model_SN_0428,AZ,0.09302545698932053,94772,Central_Inverter,480.83690927419906
1430,Model_SN_0429,IL,0.07626297374092933,82135,EV_Fast_Charger,416.3947230305697
1431,Model_SN_0430,NY,0.0264510730634578,21508,DC_DC_Converter,109.52383047975934
1432,Model_SN_0431,OH,0.019176522121456263,5051,EV_Fast_Charger,26.69323915910922
1433,Model_SN_0432,WI,0.05566767565675763,50747,Power_Transformer,257.91007567425686
1434,Model_SN_0433,AZ,0.09758191802136201,89142,Power_Transformer,453.0286438516021
1435,Model_SN_0434,WI,0.08661037798233266,89235,DC_DC_Converter,452.67077834867496
1436,Model_SN_0435,AZ,0.06329593367222754,56021,EV_Fast_Charger,284.8521950254171
1437,Model_SN_0436,WI,0.0746552857583906,68412,EV_Fast_Charger,347.6591464318793
1438,Model_SN_0437,AZ,0.05554105579843334,60335,EV_Fast_Charger,305.84057918488253
1439,Model_SN_0438,WI,0.06675324744033422,58179,Central_Inverter,295.90149355802504
1440,Model_SN_0439,WI,0.03697155267072836,34093,Power_Transformer,173.23786645030464
1441,Model_SN_0440,WI,0.08395307301605577,71678,EV_Fast_Charger,364.68648047620417
1442,Model_SN_0441,WI,0.07692158788839559,82738,EV_Fast_Charger,419.45911909162965
1443,Model_SN_0442,OH,0.04807081580787381,41734,Central_Inverter,212.2753111855905
1444,Model_SN_0443,IL,0.06888616002823955,74615,Central_Inverter,378.24146200211794
1445,Model_SN_0444,CA,0.08787331837025228,75523,EV_Fast_Charger,384.20549887776895
1446,Model_SN_0445,NY,0.09544056687329153,96476,String_Inverter,489.53804251549684
1447,Model_SN_0446,CA,0.03275686701306754,19019,EV_Fast_Charger,97.55176502598006
1448,Model_SN_0447,CA,0.07768569621443522,85613,EV_Fast_Charger,433.89142721608266
1449,Model_SN_0448,AZ,0.09816087607465022,93794,Central_Inverter,476.3320657055988
1450,Model_SN_0449,IL,0.08309144519524506,88672,Central_Inverter,449.5918583896434
1451,Model_SN_0450,AZ,0.0861669191221476,75847,EV_Fast_Charger,385.6975189341611
1452,Model_SN_0451,IL,0.07972779280964014,84750,EV_Fast_Charger,429.729584460723
1453,Model_SN_0452,IL,0.07684208774660667,81634,EV_Fast_Charger,413.9331565809955
1454,Model_SN_0453,WI,0.030940160023628566,30251,Central_Inverter,153.57551200177213
1455,Model_SN_0454,OH,0.03772883890219998,27945,EV_Fast_Charger,142.55466291766498
1456,Model_SN_0455,WI,0.09367348933191899,92852,EV_Fast_Charger,471.2855116998939
1457,Model_SN_0456,OH,0.03482833945523371,34217,DC_DC_Converter,173.69712545914254
1458,Model_SN_0457,AZ,0.02910055233390021,10308,String_Inverter,53.722541425042515
1459,Model_SN_0458,OH,0.02068994336162722,7949,Power_Transformer,41.296745752122035
1460,Model_SN_0459,AZ,0.06047947205321827,53990,String_Inverter,274.4859604039914
1461,Model_SN_0460,CA,0.01644025493876456,3150,DC_DC_Converter,16.98301912040734
1462,Model_SN_0461,CA,0.08924859455083986,91480,Power_Transformer,464.09364459131297
1463,Model_SN_0462,OH,0.08014280662616437,76740,EV_Fast_Charger,389.7107104969623
1464,Model_SN_0463,OH,0.06528563825194758,68617,DC_DC_Converter,347.98142286889606
1465,Model_SN_0464,AZ,0.08933939594323875,96841,EV_Fast_Charger,490.9054546957429
1466,Model_SN_0465,WI,0.03798237908693701,18896,Central_Inverter,97.32867843152027
1467,Model_SN_0466,AZ,0.06406814257600599,48175,DC_DC_Converter,245.68011069320045
1468,Model_SN_0467,WI,0.02063701965892839,9805,Central_Inverter,50.572776474419626
1469,Model_SN_0468,CA,0.01644572679620441,7237,DC_DC_Converter,37.41842950971533
1470,Model_SN_0469,IL,0.036259990864780316,22056,DC_DC_Converter,112.99949931485853
1471,Model_SN_0470,OH,0.052793850088628594,47543,Central_Inverter,241.67453875664714
1472,Model_SN_0471,WI,0.05430439377987357,58556,Power_Transformer,296.8528295334905
1473,Model_SN_0472,AZ,0.012575551947323807,5343,String_Inverter,27.658166396049285
1474,Model_SN_0473,CA,0.03223611124361461,15500,EV_Fast_Charger,79.9177083432711
1475,Model_SN_0474,WI,0.06419681217153636,55222,DC_DC_Converter,280.9247609128652
1476,Model_SN_0475,AZ,0.031687753183403,31375,EV_Fast_Charger,159.25158148875522
1477,Model_SN_0476,OH,0.019157776571992323,11662,Central_Inverter,59.74683324289943
1478,Model_SN_0477,OH,0.02542482926509476,18964,EV_Fast_Charger,96.7268621948821
1479,Model_SN_0478,NY,0.06980285487197457,61638,Central_Inverter,313.4252141153981
1480,Model_SN_0479,IL,0.06844921075508728,75666,EV_Fast_Charger,383.4636908066315
1481,Model_SN_0480,NY,0.07963800497302481,87067,String_Inverter,441.3078503729768
1482,Model_SN_0481,CA,0.07867748837413045,69215,String_Inverter,351.9758116280598
1483,Model_SN_0482,WI,0.06777255990775334,71042,String_Inverter,360.29294199308146
1484,Model_SN_0483,CA,0.030791588823704162,15284,String_Inverter,78.72936916177781
1485,Model_SN_0484,AZ,0.0720878222876012,74789,String_Inverter,379.3515866715701
1486,Model_SN_0485,OH,0.0792088278551869,86664,String_Inverter,439.26066208913903
1487,Model_SN_0486,NY,0.08942011048665574,95468,Central_Inverter,484.04650828649915
1488,Model_SN_0487,NY,0.07226950530377985,63389,DC_DC_Converter,322.36521289778346
1489,Model_SN_0488,NY,0.03164309602879238,11435,EV_Fast_Charger,59.548232202159426
1490,Model_SN_0489,CA,0.06855439729133983,56340,String_Inverter,286.84157979685045
1491,Model_SN_0490,OH,0.05134200392570243,46078,Central_Inverter,234.24065029442767
1492,Model_SN_0491,WI,0.08572170273141293,80832,Central_Inverter,410.58912770485597
1493,Model_SN_0492,AZ,0.05351051924164975,53293,Central_Inverter,270.4782889431237
1494,Model_SN_0493,WI,0.09251378793855361,97981,DC_DC_Converter,496.8435340953915
1495,Model_SN_0494,CA,0.0902442163704224,80781,EV_Fast_Charger,410.67331622778164
1496,Model_SN_0495,AZ,0.05726253847021472,62403,DC_DC_Converter,316.3096903852661
1497,Model_SN_0496,NY,0.03264683728375603,31124,Power_Transformer,158.0685127962817
1498,Model_SN_0497,IL,0.09035355843625387,97435,Central_Inverter,493.95151688271903
1499,Model_SN_0498,CA,0.04379647741080973,45919,Power_Transformer,232.87973580581072
1500,Model_SN_0499,CA,0.03966787536846261,37247,String_Inverter,189.2100906526347
1501,Model_SN_0500,OH,0.09729249788606051,96758,String_Inverter,491.0869373414546
1502,Model_SN_0501,WI,0.09155099101184996,93747,DC_DC_Converter,475.60132432588875
1503,Model_SN_0502,CA,0.0768134342215395,64752,EV_Fast_Charger,329.5210075666155
1504,Model_SN_0503,CA,0.07015970456810215,58573,Power_Transformer,298.1269778426077
1505,Model_SN_0504,NY,0.06275384703395752,61101,EV_Fast_Charger,310.2115385275468
1506,Model_SN_0505,NY,0.034060135335292514,28646,DC_DC_Converter,145.78451015014693
1507,Model_SN_0506,AZ,0.03346801483001201,25049,String_Inverter,127.75510111225091
1508,Model_SN_0507,IL,0.08481006551696282,81605,EV_Fast_Charger,414.3857549137722
1509,Model_SN_0508,OH,0.09317710614979086,99379,EV_Fast_Charger,503.8832829612343
1510,Model_SN_0509,IL,0.07613714482364935,70385,String_Inverter,357.6352858617737
1511,Model_SN_0510,AZ,0.04831989971049147,42158,Power_Transformer,214.41399247828684
1512,Model_SN_0511,NY,0.07222177695037293,67417,String_Inverter,342.50163327127797
1513,Model_SN_0512,WI,0.034796697249373,25289,EV_Fast_Charger,129.05475229370296
1514,Model_SN_0513,NY,0.020741815190838356,11823,Power_Transformer,60.670636139312876
1515,Model_SN_0514,OH,0.07576906613924314,62160,Power_Transformer,316.48267996044325
1516,Model_SN_0515,NY,0.056917949216528554,43975,String_Inverter,224.14384619123965
1517,Model_SN_0516,OH,0.017418930181995716,11540,EV_Fast_Charger,59.00641976364968
1518,Model_SN_0517,OH,0.03767269285129159,18364,DC_DC_Converter,94.64545196384687
1519,Model_SN_0518,OH,0.02025779063165694,6611,EV_Fast_Charger,34.57433429737427
1520,Model_SN_0519,AZ,0.047610211204548496,29663,Central_Inverter,151.88576584034112
1521,Model_SN_0520,OH,0.0659896051189463,53991,DC_DC_Converter,274.904220383921
1522,Model_SN_0521,OH,0.06323677008938466,59679,Power_Transformer,303.1377577567038
1523,Model_SN_0522,WI,0.03293021949973568,32977,DC_DC_Converter,167.35476646248017
1524,Model_SN_0523,IL,0.09096021385436559,96704,Power_Transformer,490.3420160390774
1525,Model_SN_0524,CA,0.05842851762655067,51115,Power_Transformer,259.9571388219913
1526,Model_SN_0525,IL,0.09517539772985628,93007,DC_DC_Converter,472.17315482973925
1527,Model_SN_0526,OH,0.08534358704199738,90223,Power_Transformer,457.5157690281498
1528,Model_SN_0527,WI,0.060195454814789814,62890,Power_Transformer,318.9646591111092
1529,Model_SN_0528,NY,0.07868777140265265,68387,Central_Inverter,347.83658285519897
1530,Model_SN_0529,WI,0.04141387694740438,20071,EV_Fast_Charger,103.46104077105534
1531,Model_SN_0530,OH,0.06657630364605371,61275,EV_Fast_Charger,311.368222773454
1532,Model_SN_0531,WI,0.07040775238363273,74369,Central_Inverter,377.1255814287725
1533,Model_SN_0532,WI,0.02206114653038738,13938,DC_DC_Converter,71.34458598977905
1534,Model_SN_0533,OH,0.036363646864282666,37195,String_Inverter,188.7022735148212
1535,Model_SN_0534,AZ,0.10135264279787665,93680,String_Inverter,476.0014482098407
1536,Model_SN_0535,WI,0.012355021657802823,6000,String_Inverter,30.926626624335213
1537,Model_SN_0536,CA,0.07702032951028508,72588,Central_Inverter,368.7165247132714
1538,Model_SN_0537,CA,0.09015610441374411,95610,Central_Inverter,484.81170783103084
1539,Model_SN_0538,WI,0.0992968933836492,99856,Power_Transformer,506.72726700377365
1540,Model_SN_0539,AZ,0.05161507443370395,40304,String_Inverter,205.3911305825278
1541,Model_SN_0540,NY,0.08113566940747736,71449,DC_DC_Converter,363.3301752055608
1542,Model_SN_0541,OH,0.07995009210187873,84986,DC_DC_Converter,430.9262569076409
1543,Model_SN_0542,CA,0.08158908323983628,91643,String_Inverter,464.3341812429877
1544,Model_SN_0543,NY,0.026707712601376145,22764,String_Inverter,115.8230784451032
1545,Model_SN_0544,WI,0.09635620617029543,88027,String_Inverter,447.36171546277217
1546,Model_SN_0545,NY,0.056222801551250305,40494,Central_Inverter,206.68671011634376
1547,Model_SN_0546,IL,0.021425762043406165,5373,Central_Inverter,28.471932153255462
1548,Model_SN_0547,CA,0.028811170542006402,14161,Central_Inverter,72.96583779065048
1549,Model_SN_0548,WI,0.10124406682425843,99532,EV_Fast_Charger,505.2533050118194
1550,Model_SN_0549,OH,0.08738909223913566,94658,DC_DC_Converter,479.8441819179352
1551,Model_SN_0550,AZ,0.04774657225183253,29350,DC_DC_Converter,150.33099291888743
1552,Model_SN_0551,WI,0.0925487438311748,95008,Power_Transformer,481.98115578733814
1553,Model_SN_0552,OH,0.09291027056498995,96297,Central_Inverter,488.45327029237427
1554,Model_SN_0553,AZ,0.03817085410565675,27351,EV_Fast_Charger,139.61781405792425
1555,Model_SN_0554,AZ,0.08149598600216776,90668,EV_Fast_Charger,459.45219895016254
1556,Model_SN_0555,WI,0.022746500708454923,17305,DC_DC_Converter,88.23098755313413
1557,Model_SN_0556,NY,0.08422150566186073,77353,Central_Inverter,393.08161292463956
1558,Model_SN_0557,NY,0.07232014002516919,78797,Power_Transformer,399.4090105018877
1559,Model_SN_0558,AZ,0.07369054218932776,67953,Central_Inverter,345.2917906641996
1560,Model_SN_0559,NY,0.05945531552695975,59458,String_Inverter,301.749148664522
1561,Model_SN_0560,IL,0.0314175789475062,22358,Central_Inverter,114.14631842106297
1562,Model_SN_0561,AZ,0.015163041402080666,5267,String_Inverter,27.472228105156052
1563,Model_SN_0562,AZ,0.08273428766263231,84745,String_Inverter,429.9300715746974
1564,Model_SN_0563,OH,0.09570425143701825,91588,Power_Transformer,465.11781885777634
1565,Model_SN_0564,NY,0.04470326764579683,40513,DC_DC_Converter,205.91774507343476
1566,Model_SN_0565,AZ,0.039738092805937944,28092,Central_Inverter,143.44035696044534
1567,Model_SN_0566,IL,0.025636008043981993,13338,String_Inverter,68.61270060329865
1568,Model_SN_0567,OH,0.020283423307252964,2412,Central_Inverter,13.581256748043973
1569,Model_SN_0568,WI,0.03168909478649516,9543,DC_DC_Converter,50.09168210898714
1570,Model_SN_0569,AZ,0.04923144194420501,35496,DC_DC_Converter,181.17235814581537
1571,Model_SN_0570,IL,0.06154214090514847,62692,EV_Fast_Charger,318.07566056788613
1572,Model_SN_0571,CA,0.08152699603455903,91084,DC_DC_Converter,461.53452470259197
1573,Model_SN_0572,IL,0.0893452808859965,94920,Power_Transformer,481.30089606644975
1574,Model_SN_0573,IL,0.055589058614005094,46425,String_Inverter,236.29417939605037
1575,Model_SN_0574,OH,0.03999184960301834,40756,EV_Fast_Charger,206.77938872022636
1576,Model_SN_0575,WI,0.03233399161069139,20888,Power_Transformer,106.86504937080186
1577,Model_SN_0576,CA,0.04838269031167112,37735,Central_Inverter,192.30370177337534
1578,Model_SN_0577,NY,0.05276404448300588,49295,String_Inverter,250.43230333622543
1579,Model_SN_0578,NY,0.09128657740824977,85042,DC_DC_Converter,432.0564933056187
1580,Model_SN_0579,IL,0.08046446506267543,87999,String_Inverter,446.0298348797007
1581,Model_SN_0580,OH,0.02313192230138284,19955,Central_Inverter,101.50989417260372
1582,Model_SN_0581,OH,0.052764608457405396,39841,EV_Fast_Charger,203.1623456343054
1583,Model_SN_0582,NY,0.0754431596574573,72640,EV_Fast_Charger,368.8582369743093
1584,Model_SN_0583,CA,0.07502638126188806,67510,EV_Fast_Charger,343.17697859464164
1585,Model_SN_0584,WI,0.04445571343874159,36911,DC_DC_Converter,187.88917850790563
1586,Model_SN_0585,CA,0.0607872073314488,61031,Power_Transformer,309.7140405498586
1587,Model_SN_0586,AZ,0.096987046353484,90726,Power_Transformer,460.9040284765113
1588,Model_SN_0587,AZ,0.028785817579379584,9357,String_Inverter,48.94393631845347
1589,Model_SN_0588,WI,0.047626429417088535,34479,DC_DC_Converter,175.96698220628164
1590,Model_SN_0589,NY,0.06333956941126592,63476,EV_Fast_Charger,322.1304677058449
1591,Model_SN_0590,WI,0.05581378000404841,46811,EV_Fast_Charger,238.24103350030364
1592,Model_SN_0591,OH,0.04405947793880054,38208,Central_Inverter,194.34446084541003
1593,Model_SN_0592,AZ,0.025289974799866017,22150,Central_Inverter,112.64674810998996
1594,Model_SN_0593,IL,0.08432960484257819,73180,EV_Fast_Charger,372.22472036319334
1595,Model_SN_0594,IL,0.04547470595171256,45286,EV_Fast_Charger,229.84060294637845
1596,Model_SN_0595,NY,0.08271308040974938,70450,DC_DC_Converter,358.4534810307312
1597,Model_SN_0596,OH,0.033380115459159115,23352,Power_Transformer,119.26350865943694
1598,Model_SN_0597,CA,0.0562601585767724,57069,Central_Inverter,289.56451189325793
1599,Model_SN_0598,OH,0.02950218561423383,16397,Power_Transformer,84.19766392106753
1600,Model_SN_0599,IL,0.058754750050861504,43555,DC_DC_Converter,222.1816062538146
